{"P0": 0.714519699726, "P1": 2.048265e-15, "PEP": 46473.0}